customer_id,frequency,recency,aov,revenue_total,tenure_days,future_ltv
C0001,3.0,283.0,349.98552290747284,1049.9565687224185,574,5333.025240587963
C0002,2.0,197.0,127.2991360666143,254.5982721332286,187,4053.1764199583936
C0003,4.0,126.0,467.44053951240915,1869.7621580496366,798,6200.526415259668
C0004,1.0,739.0,51.05792670393415,51.05792670393415,1,1939.3022724266239
C0005,9.0,106.0,532.8835423557509,4795.951881201759,774,6833.197167182244
C0006,3.0,810.0,631.5239147642739,1894.5717442928217,94,5314.9200871357325
C0007,3.0,178.0,131.92348843171044,395.7704652951313,305,3506.686179551656
C0008,11.0,211.0,2228.310665896657,24511.41732486323,706,8773.38799859602
C0009,2.0,268.0,433.09475819410136,866.1895163882027,28,6041.898514075897
C0010,1.0,337.0,203.1439821739961,203.1439821739961,1,3044.0756795253296
C0011,6.0,209.0,1026.5450137232624,6159.270082339574,623,6756.784707734993
C0012,6.0,9.0,554.242117703421,3325.4527062205257,590,7953.849720588818
C0013,3.0,321.0,201.88552140331547,605.6565642099464,326,4478.1230288617935
C0014,4.0,129.0,318.13110140825495,1272.5244056330198,704,5204.691701757241
C0015,3.0,365.0,69.56376029168786,208.69128087506357,188,3332.582148199488
C0016,2.0,275.0,128.98325499748705,257.9665099949741,648,4090.833164820974
C0017,6.0,53.0,370.43153393526785,2222.589203611607,720,7075.401176882063
C0018,3.0,622.0,512.9341096421657,1538.8023289264972,305,4187.209547205048
C0019,1.0,160.0,250.37101428413098,250.37101428413098,1,4734.72762519465
C0020,13.0,61.0,618.4151968752323,8039.397559378019,837,8484.627740904903
C0021,4.0,385.0,115.26222703139483,461.0489081255793,502,4322.039169808467
C0022,5.0,33.0,744.1099618487272,3720.5498092436355,692,7915.892570940036
C0023,3.0,153.0,567.0030072729547,1701.0090218188643,276,6157.927135007558
C0024,5.0,96.0,369.60779113536523,1848.0389556768262,432,6798.95717646063
C0025,7.0,64.0,412.42840552897803,2886.998838702846,785,7916.878421555868
C0026,1.0,500.0,57.294743201329474,57.294743201329474,1,1387.0296528261165
C0027,5.0,194.0,617.711774497952,3088.55887248976,742,6978.517002426603
C0028,3.0,150.0,399.19106899803404,1197.573206994102,373,5615.613095021631
C0029,3.0,69.0,294.3259645192653,882.9778935577959,750,5719.706799871035
C0030,4.0,437.0,62.99837195259569,251.99348781038276,450,2374.7579881888078
C0031,1.0,732.0,454.60722436644687,454.60722436644687,1,3841.128975459772
C0032,1.0,898.0,125.03866808500746,125.03866808500746,1,1887.4070346735828
C0033,2.0,474.0,141.00786525290465,282.0157305058093,459,3202.171742780806
C0034,1.0,855.0,332.46953052876904,332.46953052876904,1,2981.387514662907
C0035,4.0,16.0,52.0595938929431,208.2383755717724,479,4706.2892973383205
C0036,8.0,122.0,522.477733392407,4179.821867139256,822,6750.297622999151
C0037,1.0,850.0,433.5491543674001,433.5491543674001,1,3885.665847846267
C0038,4.0,211.0,236.48150745573122,945.9260298229249,527,4288.496237253972
C0039,10.0,62.0,576.6876873776129,5766.876873776128,832,6960.396624103454
C0040,3.0,151.0,285.00293801009593,855.0088140302878,747,5450.602971227873
C0041,4.0,78.0,763.5394386650596,3054.1577546602384,811,6645.744799012867
C0042,2.0,139.0,354.08115172835437,708.1623034567087,532,5775.140526466117
C0043,2.0,408.0,213.4893172694397,426.9786345388794,264,4111.754685126402
C0044,3.0,322.0,265.0033810599819,795.0101431799458,153,5025.129189641932
C0045,5.0,363.0,697.2252673167304,3486.126336583652,507,6898.444439242692
C0046,12.0,43.0,810.5651938415618,9726.782326098742,643,8307.710351569362
C0047,2.0,117.0,143.81341491036744,287.6268298207349,479,4028.0353250697394
C0048,3.0,145.0,296.15067462557016,888.4520238767104,758,5774.158623609544
C0049,5.0,22.0,845.6381781582713,4228.190890791357,884,8371.594397269615
C0050,5.0,36.0,663.6886187561466,3318.4430937807333,894,7452.813229379234
C0051,6.0,262.0,366.4632378297778,2198.779426978667,660,6515.405869567895
C0052,3.0,120.0,189.87559224244592,569.6267767273378,774,4840.570506739827
C0053,3.0,509.0,563.0444934608659,1689.1334803825976,361,5317.811207011811
C0054,1.0,69.0,184.16681846759505,184.16681846759505,1,4411.306029050298
C0055,3.0,256.0,234.45520553647438,703.3656166094231,626,4255.557162299802
C0056,3.0,660.0,236.76450589574293,710.2935176872288,253,4190.313823041377
C0057,1.0,355.0,342.3715018745827,342.3715018745827,1,4803.369489656791
C0058,2.0,74.0,35.0,70.0,40,3218.574880576854
C0059,2.0,469.0,103.48967090895452,206.97934181790905,298,3104.261976572259
C0060,3.0,336.0,363.11096151344856,1089.3328845403457,555,4974.527415945388
C0061,4.0,130.0,258.07588341428925,1032.303533657157,808,5657.929151231131
C0062,2.0,5.0,74.65621934132278,149.31243868264556,714,5782.1721576176415
C0063,2.0,419.0,176.1653608926708,352.3307217853416,167,4068.225599919193
C0064,3.0,11.0,385.2265772924138,1155.6797318772415,859,7013.64016744139
C0065,3.0,120.0,1854.3283719761646,5562.9851159284935,179,7714.8307380263195
C0066,6.0,269.0,636.7227564138293,3820.336538482976,647,6675.18874246467
C0067,2.0,495.0,96.31422331093026,192.62844662186052,206,2470.303253150753
C0068,3.0,128.0,55.4587031394538,166.3761094183614,319,3592.6800529454017
C0069,6.0,23.0,574.224374051359,3445.3462443081535,385,6728.872043202688
C0070,5.0,132.0,353.6704317585293,1768.3521587926464,630,6279.015921185675
C0071,1.0,223.0,19.513545833475455,19.513545833475455,1,1494.0314715971122
C0072,3.0,186.0,564.0687730177644,1692.2063190532933,720,6295.9481064055535
C0073,3.0,556.0,179.64940104285128,538.9482031285538,150,3744.559983328809
C0074,2.0,360.0,208.752037820968,417.504075641936,292,4205.022760491786
C0075,9.0,60.0,906.5543539611523,8158.989185650371,838,8835.799896607228
C0076,4.0,24.0,471.32391947547967,1885.2956779019187,311,7909.036026443795
C0077,2.0,821.0,547.2967775693853,1094.5935551387706,87,4629.549400297266
C0078,6.0,164.0,356.0328659301434,2136.1971955808604,689,6143.812355040025
C0079,4.0,687.0,243.6589882713015,974.635953085206,212,4959.560874332949
C0080,5.0,214.0,655.8370786380817,3279.185393190409,714,5697.356794490368
C0081,4.0,375.0,218.40207120492943,873.6082848197177,563,4490.204482060608
C0082,3.0,96.0,52.530168694116334,157.590506082349,719,4290.868756459649
C0083,2.0,171.0,129.48717960791035,258.9743592158207,247,4451.062142785111
C0084,3.0,288.0,127.70784100063138,383.1235230018941,458,4142.423639676973
C0085,2.0,211.0,155.730001352015,311.46000270403,207,3291.74969614217
C0086,6.0,216.0,779.2480364722173,4675.488218833304,641,6776.111493399138
C0087,3.0,80.0,214.5381127586048,643.6143382758144,762,5038.550694370332
C0088,8.0,105.0,766.2336092701186,6129.8688741609485,826,7648.627124818669
C0089,8.0,21.0,934.5909870621367,7476.727896497094,865,8275.30993758162
C0090,10.0,13.0,1915.4163310702363,19154.163310702363,930,9471.518355160988
C0091,2.0,782.0,29.92498533746379,59.84997067492758,18,342.2150623051491
C0092,2.0,658.0,303.3106829865043,606.6213659730086,277,4716.757285270258
C0093,2.0,632.0,331.94402258522416,663.8880451704483,180,4033.834157385042
C0094,1.0,741.0,24.12795957583789,24.12795957583789,1,736.2384392839825
C0095,4.0,108.0,359.94929815073465,1439.7971926029386,503,5984.866330726506
C0096,3.0,518.0,337.8823715782682,1013.6471147348045,243,4173.127287317032
C0097,1.0,637.0,54.77527051231819,54.77527051231819,1,1034.3611003650676
C0098,3.0,297.0,274.0478587747198,822.1435763241595,503,4307.0927763719665
C0099,4.0,241.0,399.5000817695295,1598.000327078118,651,5251.74113030905
C0100,1.0,335.0,106.92507131865975,106.92507131865975,1,2998.5416804662927
C0101,6.0,234.0,603.5518293853488,3621.310976312093,646,6061.768698013144
C0102,9.0,52.0,1538.4301359616584,13845.871223654925,395,9689.063060466717
C0103,4.0,36.0,530.1562268807703,2120.624907523081,611,7608.491227760729
C0104,2.0,54.0,309.63556839482777,619.2711367896555,529,6064.954680803339
C0105,2.0,361.0,783.3203792598799,1566.6407585197599,574,5500.103651632109
C0106,1.0,414.0,137.93668179195754,137.93668179195754,1,3731.41659033142
C0107,8.0,142.0,983.0419426217645,7864.335540974116,636,7474.600844522218
C0108,4.0,237.0,784.2924404489881,3137.1697617959526,478,6379.475433541037
C0109,7.0,37.0,484.3402431080359,3390.3817017562515,804,7554.903147490176
C0110,4.0,161.0,746.7720473718659,2987.0881894874638,443,6927.13473929722
C0111,6.0,275.0,460.75804749208925,2764.5482849525356,628,6370.16422743506
C0112,4.0,43.0,168.73213957835,674.9285583134,807,5442.717430073979
C0113,3.0,402.0,468.351146681943,1405.0534400458291,531,4969.560621126462
C0114,1.0,815.0,245.46332835197177,245.46332835197177,1,3533.7099296781143
C0115,1.0,600.0,89.39455031202364,89.39455031202364,1,2611.306155411472
C0116,2.0,40.0,361.52032408846026,723.0406481769205,505,5822.229345020043
C0117,8.0,119.0,580.3896670810436,4643.117336648349,580,6295.218629819301
C0118,3.0,151.0,230.26047317153552,690.7814195146066,50,4922.441970458116
C0119,5.0,119.0,78.4275700463102,392.13785023155094,816,4695.889592555571
C0120,3.0,100.0,1004.8525206078298,3014.5575618234893,429,7865.312524624582
C0121,1.0,300.0,490.2770023844237,490.2770023844237,1,4019.6927506791067
C0122,6.0,328.0,680.1351880023177,4080.811128013906,288,6175.519026849654
C0123,2.0,86.0,456.27342033149046,912.5468406629809,89,5626.323900911419
C0124,2.0,280.0,408.7238032626057,817.4476065252114,143,5650.161061944189
C0125,2.0,220.0,58.12627535365957,116.25255070731914,437,2882.8459618877155
C0126,11.0,138.0,711.8869515000165,7830.756466500182,719,7070.437672257184
C0127,1.0,816.0,716.7078807785751,716.7078807785751,1,4716.3766813779175
C0128,1.0,935.0,74.77420712088137,74.77420712088137,1,1576.146588349568
C0129,4.0,190.0,637.0089943045721,2548.0359772182883,685,5680.615067715152
C0130,3.0,4.0,657.958321666158,1973.874964998474,739,7885.143317589853
C0131,4.0,30.0,720.9018044047675,2883.60721761907,727,8422.58220395638
C0132,6.0,114.0,570.814313485093,3424.8858809105577,718,7028.622437856112
C0133,7.0,68.0,325.9783745191001,2281.8486216337005,296,6703.286359289772
C0134,4.0,136.0,639.8393951161293,2559.357580464517,261,6377.836711601729
C0135,2.0,97.0,196.89791125647565,393.7958225129513,643,4933.92798072197
C0136,1.0,695.0,319.92477806108366,319.92477806108366,1,3754.2817429678166
C0137,3.0,185.0,427.64410583339117,1282.9323175001734,612,5754.963329566377
C0138,2.0,215.0,42.0112072679356,84.0224145358712,599,2606.027484314298
C0139,1.0,237.0,114.19400064349787,114.19400064349787,1,3536.9221330239607
C0140,5.0,65.0,412.68500337454344,2063.425016872717,351,6657.777952969897
C0141,4.0,61.0,450.2457464428513,1800.9829857714053,852,6100.803451725912
C0142,6.0,46.0,453.87065264842295,2723.2239158905377,891,6819.87850632819
C0143,7.0,17.0,786.459254355992,5505.214780491944,562,7495.687898305326
C0144,2.0,275.0,138.94105523402794,277.8821104680559,508,4765.475039393011
C0145,2.0,29.0,211.48577259676793,422.97154519353586,689,6030.711998495761
C0146,1.0,373.0,122.64150534375354,122.64150534375354,1,2489.820374222286
C0147,4.0,399.0,109.88426617228161,439.53706468912645,390,3689.6911980695563
C0148,3.0,83.0,143.9402904851751,431.8208714555253,614,4537.552510383543
C0149,3.0,366.0,616.4944909353685,1849.4834728061055,436,6379.327667575511
C0150,8.0,1.0,813.625531150899,6509.004249207192,861,9290.061416983628
C0151,1.0,2.0,295.88987453213,295.88987453213,1,6940.907911242367
C0152,2.0,569.0,483.67588563584394,967.3517712716879,56,4674.329532016518
C0153,1.0,723.0,30.65904829885038,30.65904829885038,1,1350.8139314037112
C0154,3.0,468.0,662.2222807856507,1986.6668423569522,201,5486.669711810851
C0155,7.0,72.0,507.98760997927576,3555.91326985493,847,6242.742856872416
C0156,4.0,32.0,17.5,70.0,826,3177.6016312783345
C0157,2.0,643.0,101.70332317515931,203.40664635031862,112,2388.645776860447
C0158,2.0,392.0,72.14353459794972,144.28706919589945,171,2829.496579874675
C0159,5.0,343.0,209.66030916968492,1048.3015458484247,601,5571.599119259675
C0160,6.0,9.0,818.2282927943179,4909.369756765907,895,7884.7859282475665
C0161,7.0,174.0,1705.2542146073708,11936.779502251597,644,7568.36329461613
C0162,3.0,516.0,378.03461593477294,1134.1038478043188,399,4561.201589588974
C0163,2.0,25.0,36.66481219054132,73.32962438108264,845,3510.5786606766633
C0164,1.0,112.0,41.072252904805566,41.072252904805566,1,2778.447693055549
C0165,2.0,466.0,422.2123446326922,844.4246892653844,353,4609.361302519843
C0166,1.0,317.0,177.4342229842721,177.4342229842721,1,3632.868982261934
C0167,3.0,502.0,403.39724962628196,1210.1917488788458,288,4615.812065168153
C0168,1.0,700.0,66.13911202424151,66.13911202424151,1,1933.1453224598786
C0169,3.0,159.0,548.5726010023649,1645.7178030070945,727,6375.370633770986
C0170,1.0,602.0,92.7061177638536,92.7061177638536,1,1926.692490589894
C0171,1.0,604.0,130.7755131044006,130.7755131044006,1,3071.9132227164364
C0172,5.0,79.0,755.357072366598,3776.78536183299,767,7245.187354567309
C0173,1.0,881.0,264.39779211494107,264.39779211494107,1,3773.2904318124824
C0174,4.0,62.0,507.45697337745116,2029.8278935098047,699,6615.97756363804
C0175,2.0,22.0,46.403530098917074,92.80706019783415,516,4232.190915011932
C0176,7.0,105.0,526.808072667695,3687.656508673865,818,6913.158484333397
C0177,6.0,34.0,574.7615361186342,3448.5692167118054,654,7529.834226851321
C0178,6.0,471.0,637.3387215889642,3824.032329533785,391,6221.363958778829
C0179,2.0,138.0,200.51889195301612,401.03778390603225,240,4861.523377338075
C0180,1.0,158.0,34.133092374061334,34.133092374061334,1,1366.5981154530239
C0181,4.0,63.0,202.76697441407856,811.0678976563142,829,6375.661978935023
C0182,3.0,72.0,536.0394675989701,1608.1184027969102,583,5514.09227266853
C0183,6.0,126.0,593.0175180018679,3558.105108011207,736,6476.5567261102115
C0184,4.0,152.0,481.9905172932004,1927.9620691728016,692,6063.5322700446
C0185,1.0,443.0,474.8377767816604,474.8377767816604,1,4548.587639636311
C0186,1.0,177.0,192.96425083187137,192.96425083187137,1,4666.437528329322
C0187,6.0,141.0,529.1277778293565,3174.7666669761393,801,5690.590283953668
C0188,7.0,112.0,465.47341800781993,3258.3139260547396,714,6498.6211432464015
C0189,3.0,209.0,507.12811621089423,1521.3843486326828,345,4665.536873192662
C0190,9.0,329.0,761.758952936198,6855.830576425782,557,6899.490364483093
C0191,3.0,252.0,327.68276975572996,983.0483092671899,333,5250.724077498425
C0192,4.0,192.0,476.5369698943206,1906.1478795772823,748,6749.837759253645
C0193,10.0,246.0,697.3614415851073,6973.614415851072,649,7118.355621242085
C0194,4.0,91.0,428.0311846252433,1712.1247385009733,815,6810.57800005087
C0195,2.0,181.0,385.8153918928873,771.6307837857746,161,5466.090768678982
C0196,2.0,185.0,184.33172236681725,368.6634447336345,495,4099.897995287181
C0197,4.0,68.0,39.03813598818233,156.15254395272933,786,3037.8998234160076
C0198,1.0,55.0,102.6620564761565,102.6620564761565,1,4011.4507526200186
C0199,5.0,71.0,340.1203077018437,1700.6015385092187,592,5625.468304136105
C0200,1.0,798.0,129.9174003290378,129.9174003290378,1,3149.849527275578
C0201,1.0,674.0,329.8682718268946,329.8682718268946,1,3586.9681207573753
C0202,5.0,120.0,272.33703907756626,1361.6851953878313,644,6395.049022212207
C0203,3.0,36.0,200.15369988054724,600.4610996416417,740,5497.360985246379
C0204,2.0,760.0,174.83467495101522,349.66934990203043,163,3522.87309280958
C0205,2.0,783.0,108.46904892143792,216.93809784287583,130,2931.2953903868497
C0206,5.0,76.0,431.70427513811194,2158.5213756905596,788,6580.161940309218
C0207,3.0,264.0,403.0841156450797,1209.252346935239,436,5106.658615282858
C0208,3.0,471.0,182.64876230824595,547.9462869247378,105,4259.302042381634
C0209,3.0,217.0,477.70855716269807,1433.1256714880942,560,5174.481471831479
C0210,4.0,426.0,331.0440364344703,1324.1761457378811,368,4443.622953997833
C0211,3.0,662.0,699.1708642126154,2097.512592637846,170,6008.7340308756975
C0212,2.0,627.0,68.41079607451852,136.82159214903703,259,2804.1056173524953
C0213,1.0,386.0,238.0809393707409,238.0809393707409,1,3671.88202683785
C0214,4.0,185.0,454.00566828128893,1816.0226731251557,743,6754.408924936455
C0215,6.0,6.0,978.3267310563148,5869.960386337889,831,9045.045315282761
C0216,7.0,48.0,477.6489015508377,3343.542310855864,829,7958.588371594809
C0217,3.0,21.0,344.67814364336346,1034.0344309300904,870,6766.486317005126
C0218,1.0,697.0,169.60434094019624,169.60434094019624,1,2376.425437719456
C0219,6.0,1.0,866.400497516161,5198.4029850969655,669,10736.413944575406
C0220,5.0,149.0,379.75883560607235,1898.7941780303618,723,6540.281678201731
C0221,10.0,109.0,1185.851033483808,11858.510334838078,629,8103.877872345037
C0222,1.0,633.0,73.80964394968369,73.80964394968369,1,2367.601056567684
C0223,7.0,50.0,311.6937279567233,2181.856095697063,856,6582.743905287733
C0224,2.0,460.0,85.31064379704833,170.62128759409666,440,3295.896471435066
C0225,2.0,446.0,173.8747001968755,347.749400393751,83,2514.728591128825
C0226,1.0,711.0,190.58608869247647,190.58608869247647,1,2499.484214145885
C0227,2.0,563.0,318.13470677666595,636.2694135533319,245,4745.979263829786
C0228,4.0,48.0,474.9312899730479,1899.7251598921916,756,6671.08016748957
C0229,9.0,8.0,386.12637578057127,3475.1373820251415,844,8431.341275882995
C0230,1.0,561.0,303.0966415956912,303.0966415956912,1,3010.956334334175
C0231,5.0,61.0,392.0273196875153,1960.1365984375764,549,7550.00402595169
C0232,4.0,516.0,729.3025871540236,2917.2103486160945,305,6428.833388977548
C0233,4.0,46.0,376.61168969451967,1506.4467587780787,679,6456.078193420435
C0234,3.0,676.0,230.15461328132895,690.4638398439869,229,3902.1023215870796
C0235,2.0,87.0,99.90413386824898,199.80826773649795,265,4596.579613098403
C0236,7.0,76.0,707.3508811442232,4951.456168009562,662,8458.896983424635
C0237,1.0,255.0,457.4403379644016,457.4403379644016,1,5116.184153450754
C0238,8.0,19.0,645.4769048272325,5163.81523861786,650,9401.166168033847
C0239,2.0,430.0,407.85560834721355,815.7112166944271,176,4244.884326533316
C0240,3.0,90.0,293.83525344356156,881.5057603306847,807,5211.160648607899
C0241,3.0,57.0,232.06132596574142,696.1839778972243,874,5034.612476088772
C0242,3.0,27.0,642.5950315997959,1927.7850947993877,302,7463.0645946089135
C0243,2.0,16.0,453.25785097424546,906.5157019484909,495,6908.025199596246
C0244,5.0,111.0,122.9604722503118,614.802361251559,805,4862.041290006546
C0245,3.0,764.0,421.9981828523518,1265.9945485570554,136,5126.312336674817
C0246,2.0,595.0,382.68163793570636,765.3632758714127,74,5049.54215863754
C0247,2.0,587.0,222.0918757189266,444.1837514378532,82,3057.515039089919
C0248,2.0,83.0,320.30875431542154,640.6175086308431,813,5139.863925529932
C0249,2.0,89.0,264.1115960756385,528.223192151277,690,5585.56982017029
C0250,3.0,5.0,338.2485215852409,1014.7455647557226,748,7224.497229591398
C0251,4.0,9.0,232.38434519871382,929.5373807948553,710,6560.0203871889435
C0252,4.0,237.0,324.9657698810526,1299.8630795242104,497,5896.865118018213
C0253,4.0,87.0,483.2280366809478,1932.9121467237912,436,5809.910897412096
C0254,1.0,207.0,257.11101186026065,257.11101186026065,1,3958.7139001222936
C0255,3.0,146.0,400.8625523901962,1202.5876571705885,412,5844.374820192293
C0256,1.0,179.0,96.01184417267635,96.01184417267635,1,2791.123496441406
C0257,1.0,306.0,225.68996952465827,225.68996952465827,1,4112.367491011595
C0258,3.0,471.0,707.0235246756292,2121.0705740268877,416,5325.189246846375
C0259,2.0,223.0,318.8654568482772,637.7309136965544,720,5532.686493033341
C0260,3.0,231.0,1022.0791166620946,3066.237349986284,513,6406.377873887057
C0261,4.0,162.0,297.95324013484924,1191.812960539397,711,5857.484863091699
C0262,3.0,529.0,281.52735886609065,844.5820765982719,143,4858.467431647839
C0263,4.0,94.0,237.1175737810425,948.47029512417,712,5280.147369713395
C0264,8.0,7.0,640.1985109929658,5121.588087943726,752,7844.145692874083
C0265,5.0,315.0,412.06307581375023,2060.315379068751,557,5859.173827783832
C0266,5.0,61.0,350.9444575522365,1754.7222877611825,638,6535.6752763624245
C0267,5.0,70.0,539.9263515105492,2699.6317575527464,511,7186.422231172489
C0268,3.0,252.0,574.2462358456696,1722.7387075370088,496,5642.965627990633
C0269,6.0,393.0,329.0324035305824,1974.1944211834946,305,5232.077650107101
C0270,6.0,96.0,539.6026425969055,3237.615855581433,610,7881.402916040799
C0271,4.0,497.0,300.2240653017826,1200.8962612071305,443,4105.657328723405
C0272,3.0,30.0,213.58229427959645,640.7468828387894,303,6287.64309242063
C0273,1.0,145.0,168.5946761140135,168.5946761140135,1,3559.4984496792217
C0274,4.0,213.0,1093.6781540959419,4374.712616383767,542,6673.263574664609
C0275,2.0,147.0,104.35569758637075,208.7113951727415,22,3652.1838345955957
C0276,4.0,26.0,164.4514065647287,657.8056262589148,631,5550.395642546226
C0277,4.0,44.0,867.7482948785635,3470.993179514254,367,7823.492438344752
C0278,6.0,154.0,867.3335710839383,5204.00142650363,744,7826.410205668911
C0279,2.0,8.0,329.2932135081559,658.5864270163117,199,7082.270479661018
C0280,3.0,87.0,332.47674285331965,997.430228559959,617,5834.3683323596115
C0281,4.0,53.0,364.72625714439084,1458.9050285775634,820,5940.936208467704
C0282,2.0,332.0,144.6111538880178,289.2223077760356,93,3940.2571962995926
C0283,4.0,509.0,176.74451609404883,706.9780643761953,271,5300.4711856758
C0284,2.0,158.0,428.4095197231332,856.8190394462664,641,5186.8200788952345
C0285,2.0,104.0,313.97040925811126,627.9408185162225,474,5089.929660892939
C0286,2.0,657.0,249.8003982860517,499.6007965721034,10,3604.623583334029
C0287,1.0,455.0,225.7193472474146,225.7193472474146,1,3232.262035392588
C0288,10.0,18.0,805.7598176557536,8057.598176557536,839,7432.341650335405
C0289,3.0,477.0,202.16923006941042,606.5076902082312,107,4373.63626422497
C0290,4.0,81.0,811.3871533456593,3245.548613382637,786,6668.246737665063
C0291,4.0,525.0,978.9665461879576,3915.8661847518306,292,5354.66150844213
C0292,5.0,234.0,432.44113341053446,2162.205667052672,607,6293.198896371012
C0293,4.0,145.0,405.36419211285113,1621.4567684514045,610,5400.579764520809
C0294,2.0,5.0,126.91172820107488,253.82345640214976,886,5840.530878786159
C0295,1.0,239.0,12.052629037363474,12.052629037363474,1,1336.806169717645
C0296,4.0,158.0,306.4725906232451,1225.8903624929803,575,4864.771695712037
C0297,2.0,26.0,46.42983305189318,92.85966610378637,719,3177.0343095466606
C0298,5.0,43.0,586.2786347051754,2931.3931735258766,860,7432.42047915604
C0299,1.0,586.0,50.39821516863042,50.39821516863042,1,2196.418949755624
C0300,5.0,311.0,157.45067924179497,787.2533962089749,627,3800.8419717665556
C0301,4.0,398.0,377.73581530497046,1510.9432612198818,199,5444.803167742277
C0302,7.0,25.0,807.3753721281398,5651.6276048969785,849,8578.977958418169
C0303,2.0,182.0,83.97570034067542,167.95140068135083,607,2403.5679345231165
C0304,6.0,141.0,479.2945535480283,2875.76732128817,785,6905.864213917664
C0305,3.0,175.0,188.00579897178056,564.0173969153417,283,5142.657580553579
C0306,3.0,422.0,77.13875096535953,231.4162528960786,501,2993.9949838435787
C0307,8.0,20.0,616.3791002701466,4931.032802161173,890,8858.583717023505
C0308,2.0,494.0,216.58079050892468,433.16158101784936,315,4466.069728196724
C0309,2.0,155.0,535.4593368731081,1070.9186737462162,463,5695.468605966127
C0310,2.0,576.0,32.97603456352875,65.9520691270575,63,1445.57870590489
C0311,4.0,273.0,575.7444740091024,2302.9778960364097,482,5468.2142674027655
C0312,3.0,23.0,1063.6879548864983,3191.063864659495,774,7895.08454044057
C0313,1.0,770.0,138.19289845933847,138.19289845933847,1,2879.315303449064
C0314,3.0,240.0,308.0491400474799,924.1474201424397,691,4912.166037892779
C0315,5.0,253.0,743.4762887509576,3717.3814437547876,524,5389.707812206305
C0316,4.0,70.0,498.53406538662745,1994.1362615465098,532,7257.041819575803
C0317,3.0,510.0,486.427049908009,1459.281149724027,132,5228.058355029649
C0318,4.0,187.0,311.0301556692649,1244.1206226770596,260,5293.123358367626
C0319,1.0,291.0,202.11294733851338,202.11294733851338,1,4054.493569921006
C0320,3.0,207.0,298.86828726429354,896.6048617928807,393,5892.814526496943
C0321,6.0,81.0,723.5148816962013,4341.089290177208,348,5915.302212931825
C0322,2.0,56.0,408.00059465947663,816.0011893189533,820,6171.087297258528
C0323,2.0,324.0,549.2488777949659,1098.4977555899318,554,4507.068255728357
C0324,1.0,460.0,92.99266754149136,92.99266754149136,1,2711.4726184486162
C0325,2.0,92.0,185.9744773885821,371.9489547771642,281,4819.021532570112
C0326,1.0,146.0,30.385177489289696,30.385177489289696,1,2228.4469619613747
C0327,4.0,219.0,212.29298159584647,849.1719263833859,627,4700.229314810164
C0328,5.0,223.0,320.6553117459516,1603.276558729758,452,4667.682569663341
C0329,11.0,74.0,1503.5295560453278,16538.825116498607,796,8535.018266624706
C0330,2.0,246.0,405.687127486131,811.374254972262,139,5246.684311139656
C0331,2.0,53.0,118.41615952307895,236.8323190461579,264,5083.847701819687
C0332,4.0,79.0,874.5786553996227,3498.3146215984907,378,6606.14606673299
C0333,3.0,24.0,171.55159737242897,514.6547921172869,535,6316.862968182373
C0334,8.0,328.0,504.6770755974967,4037.4166047799736,485,5983.0802108250655
C0335,2.0,415.0,828.3724701719682,1656.7449403439364,314,5719.395991611479
C0336,3.0,363.0,36.45492127499694,109.36476382499082,469,2141.32807189985
C0337,4.0,237.0,653.4707682212294,2613.8830728849175,637,6277.421833150711
C0338,6.0,114.0,521.9233722166144,3131.5402332996864,748,7180.040997238916
C0339,2.0,667.0,355.4987801720146,710.9975603440292,168,3665.3506735307906
C0340,5.0,359.0,451.65645861966857,2258.282293098343,525,5363.354008039561
C0341,3.0,355.0,386.74433723426114,1160.2330117027834,580,5186.138072450991
C0342,2.0,444.0,182.5623630080834,365.1247260161668,456,4969.40845772188
C0343,3.0,336.0,225.68750355870512,677.0625106761154,275,4080.640746952352
C0344,7.0,229.0,613.3193101355838,4293.235170949087,715,7649.776504748334
C0345,5.0,230.0,630.8491664920095,3154.2458324600475,702,7361.270104794405
C0346,4.0,250.0,377.48287919589256,1509.9315167835703,543,5477.353004716969
C0347,5.0,87.0,529.471130907692,2647.35565453846,751,6604.703766185899
C0348,3.0,114.0,497.8164012378434,1493.4492037135303,654,5733.052415296497
C0349,7.0,384.0,214.11166035403966,1498.7816224782775,404,5075.091994522725
C0350,5.0,335.0,293.60496956912846,1468.0248478456424,356,4550.219196210783
C0351,5.0,171.0,144.29143436722993,721.4571718361497,651,4817.613647960429
C0352,4.0,473.0,377.9865495384613,1511.9461981538452,323,5883.943915449889
C0353,4.0,165.0,387.1138692971283,1548.4554771885132,264,5504.221192833211
C0354,5.0,50.0,126.76833168082317,633.8416584041158,586,5337.47939841965
C0355,4.0,284.0,457.2993501612672,1829.197400645069,526,4816.38785736348
C0356,4.0,144.0,339.6206226605178,1358.4824906420713,419,5930.598505446703
C0357,6.0,146.0,588.090708809485,3528.54425285691,364,6851.480445708796
C0358,6.0,41.0,477.1436378595476,2862.8618271572855,862,7284.480758269765
C0359,2.0,357.0,223.32427836448034,446.64855672896067,480,4024.217905371262
C0360,1.0,42.0,258.59867277026035,258.59867277026035,1,4941.732737445792
C0361,5.0,125.0,633.8167410129391,3169.0837050646956,677,6989.14213914486
C0362,4.0,71.0,125.93404900498481,503.73619601993926,637,5028.796787395276
C0363,3.0,330.0,366.62073600861885,1099.8622080258565,540,5234.968170145229
C0364,3.0,290.0,482.3517211684004,1447.055163505201,473,5578.012593960651
C0365,2.0,424.0,226.9596149302032,453.9192298604064,11,4606.982788689421
C0366,2.0,511.0,103.6444073725254,207.2888147450508,406,3376.146013728159
C0367,1.0,694.0,107.8759644027702,107.8759644027702,1,2473.5437853750645
C0368,2.0,26.0,631.7491130988212,1263.4982261976425,83,7673.824324905944
C0369,5.0,34.0,326.69442624677197,1633.4721312338597,531,6980.418474161468
C0370,2.0,121.0,209.0902105035018,418.1804210070036,513,5373.7888239202985
C0371,2.0,277.0,267.60613887087106,535.2122777417421,631,4798.527710039216
C0372,5.0,55.0,663.2493243344863,3316.2466216724315,773,6369.206686011933
C0373,3.0,649.0,55.65348947500838,166.96046842502514,238,3167.7456839592182
C0374,1.0,336.0,33.235080427210534,33.235080427210534,1,1566.1132566834533
C0375,10.0,306.0,544.9461715395518,5449.461715395518,530,6615.846598171471
C0376,5.0,108.0,378.261344830396,1891.30672415198,579,6377.968041322724
C0377,3.0,150.0,226.4793543901454,679.4380631704362,376,4838.778977338711
C0378,2.0,91.0,120.43703881885784,240.8740776377157,475,4380.368171896458
C0379,6.0,232.0,720.6337937479533,4323.8027624877195,509,6371.7903533592225
C0380,2.0,248.0,318.8459839619838,637.6919679239676,629,5400.198826474398
C0381,1.0,37.0,40.64054592938102,40.64054592938102,1,3011.790021810248
C0382,2.0,466.0,53.991495173538624,107.98299034707725,161,2164.37394108051
C0383,1.0,459.0,123.41166095952161,123.41166095952161,1,2321.8783141831445
C0384,2.0,382.0,701.8490792562907,1403.6981585125814,147,5533.917700735385
C0385,3.0,40.0,300.1714144445726,900.5142433337178,853,6230.414397893923
C0386,2.0,76.0,96.28904726166405,192.5780945233281,545,4316.467140511973
C0387,4.0,96.0,497.60300932818825,1990.412037312753,587,5914.511708035938
C0388,6.0,51.0,395.6584236991611,2373.9505421949666,837,6106.2229269257205
C0389,1.0,708.0,586.4893794087586,586.4893794087586,1,4607.983209403131
C0390,2.0,388.0,223.7773304338786,447.5546608677572,93,4826.055496770115
C0391,3.0,576.0,191.21222828789243,573.6366848636773,80,3478.300930405858
C0392,1.0,140.0,189.2710902672174,189.2710902672174,1,4794.747657157371
C0393,3.0,36.0,63.747204253585494,191.24161276075648,893,4578.174678453051
C0394,4.0,23.0,590.0475625787265,2360.190250314906,735,7480.718311956183
C0395,5.0,210.0,323.0871048329627,1615.4355241648136,714,5451.029172472279
C0396,11.0,92.0,696.1783500344621,7657.961850379083,698,7054.122984312021
C0397,6.0,141.0,425.92685896086596,2555.5611537651957,711,6865.494848791786
C0398,6.0,111.0,340.6104270000672,2043.662562000403,828,5874.648702052942
C0399,7.0,33.0,718.3279916578038,5028.295941604626,896,7599.442788314167
C0400,5.0,17.0,641.9545445319891,3209.7727226599454,879,8448.667007709088
C0401,9.0,31.0,1099.3854624542478,9894.46916208823,846,7800.855308725928
C0402,1.0,35.0,30.653426351386955,30.653426351386955,1,2026.0843771309947
C0403,2.0,648.0,114.1368899576018,228.2737799152036,174,2991.99150130337
C0404,4.0,483.0,555.8016837651609,2223.2067350606435,453,5710.111633468057
C0405,5.0,319.0,440.9736892826869,2204.8684464134344,574,5990.93418446922
C0406,3.0,366.0,243.5731482789388,730.7194448368164,290,4395.812645225952
C0407,3.0,202.0,322.5746900230963,967.7240700692889,712,6497.8889510540475
C0408,2.0,121.0,325.29792456399196,650.5958491279839,494,5111.928381411845
C0409,1.0,59.0,269.14015577721284,269.14015577721284,1,4812.872658148782
C0410,5.0,53.0,285.09432733168046,1425.4716366584023,637,5948.768925933973
C0411,5.0,49.0,295.98363150520026,1479.9181575260013,727,6499.496631286564
C0412,2.0,256.0,184.57955483215392,369.15910966430783,277,4427.158165874063
C0413,1.0,151.0,311.025900017974,311.025900017974,1,5121.942011447045
C0414,2.0,299.0,376.0810153842135,752.162030768427,596,4092.147945154357
C0415,9.0,24.0,953.5218060038109,8581.696254034297,817,8608.66689767038
C0416,2.0,539.0,433.1161895150358,866.2323790300716,267,4859.069590222003
C0417,1.0,594.0,337.15019342920834,337.15019342920834,1,4064.24772889652
C0418,6.0,139.0,558.8692016845256,3353.2152101071533,657,6694.303777549195
C0419,3.0,219.0,295.2613557666829,885.7840673000488,478,5353.250301041827
C0420,5.0,4.0,1433.156598372232,7165.782991861161,903,9257.124844949998
C0421,2.0,126.0,176.13594912309645,352.2718982461929,82,5279.906680598068
C0422,5.0,187.0,758.3755149702233,3791.8775748511166,558,7193.014846521703
C0423,2.0,141.0,297.7186216546965,595.437243309393,215,4358.609818039158
C0424,2.0,170.0,113.71918249556202,227.43836499112405,685,3281.787739121085
C0425,3.0,157.0,73.09117089087387,219.27351267262162,390,3172.5567750363916
C0426,8.0,103.0,628.460784402489,5027.686275219912,826,7607.0652907943995
C0427,2.0,280.0,95.0738373492275,190.147674698455,16,2667.2025437621587
C0428,9.0,105.0,478.96465196046597,4310.6818676441935,816,6887.667334491006
C0429,6.0,239.0,374.37245186733736,2246.2347112040243,492,6127.868818895125
C0430,1.0,35.0,184.15722778140145,184.15722778140145,1,4777.600615895929
C0431,5.0,385.0,321.07942506698555,1605.3971253349278,545,5399.688945251307
C0432,1.0,96.0,142.7637682317236,142.7637682317236,1,3376.8081843672735
C0433,2.0,291.0,77.96425606533708,155.92851213067416,432,3358.2209291352206
C0434,1.0,57.0,444.57093909552884,444.57093909552884,1,5215.630963947586
C0435,9.0,10.0,603.6891800630013,5433.202620567012,872,8552.592804556061
C0436,2.0,655.0,56.5080713422105,113.016142684421,175,2316.3993994314615
C0437,1.0,152.0,251.5068795170594,251.5068795170594,1,4325.27368654395
C0438,1.0,621.0,353.85227015219465,353.85227015219465,1,3810.55425944565
C0439,2.0,229.0,272.17360277942606,544.3472055588521,284,4255.9442986752165
C0440,13.0,3.0,557.3392772866484,7245.41060472643,855,9437.317426078042
C0441,5.0,24.0,659.9606841585967,3299.8034207929836,744,7782.873498587111
C0442,6.0,90.0,1255.5012402209863,7533.007441325918,765,7195.231713563518
C0443,3.0,22.0,137.94311697224563,413.82935091673687,647,5374.9864968773545
C0444,2.0,612.0,105.17178174686583,210.34356349373166,248,3137.0941032152145
C0445,2.0,106.0,390.7814844030627,781.5629688061254,160,4877.61314969234
C0446,3.0,437.0,348.2486063607549,1044.7458190822647,304,5424.30005846809
C0447,7.0,10.0,790.4616297478159,5533.231408234711,856,9429.49073996145
C0448,3.0,29.0,234.36569873144018,703.0970961943206,830,5424.301834534722
C0449,5.0,5.0,442.1605925871794,2210.802962935897,778,8882.540234637716
C0450,9.0,31.0,384.28422222418084,3458.5580000176274,737,7468.102603270088
C0451,2.0,67.0,52.99572749542361,105.99145499084722,749,3732.06916030873
C0452,3.0,55.0,357.8675198663127,1073.6025595989381,449,5897.157995182104
C0453,4.0,36.0,210.48320653856257,841.9328261542503,832,6500.8865865420075
C0454,1.0,362.0,258.5515535644701,258.5515535644701,1,3975.5416612537483
C0455,6.0,415.0,486.5777654014164,2919.4665924084984,478,5453.987534366902
C0456,4.0,44.0,681.2883643857839,2725.1534575431356,416,6678.498444098423
C0457,6.0,213.0,1064.034640418063,6384.207842508378,619,6435.949537588993
C0458,2.0,242.0,94.63749075008758,189.27498150017516,362,3487.9067959686986
C0459,4.0,72.0,30.23982567127866,120.95930268511464,718,3707.3286072458004
C0460,9.0,114.0,892.4821955376275,8032.339759838647,703,8040.420188505591
C0461,4.0,478.0,445.6248141974511,1782.4992567898043,424,5258.234456148189
C0462,7.0,239.0,1126.153216128481,7883.072512899368,664,6720.298458929864
C0463,2.0,560.0,318.0675753601782,636.1351507203564,359,3918.35966007197
C0464,2.0,304.0,381.9153675113954,763.8307350227908,550,5420.363776699349
C0465,1.0,40.0,48.056413228771405,48.056413228771405,1,2967.105368637579
C0466,1.0,299.0,88.4763444524306,88.4763444524306,1,2742.150965617425
C0467,4.0,245.0,133.1749365457773,532.6997461831093,575,3811.412975871247
C0468,3.0,180.0,386.4940728312556,1159.4822184937668,564,5678.321667380418
C0469,6.0,126.0,271.32465775588975,1627.9479465353384,583,5696.246589959454
C0470,3.0,126.0,316.4043329425695,949.2129988277086,77,6023.207887617201
C0471,10.0,28.0,1426.6809207127862,14266.809207127862,818,9584.8825461135
C0472,10.0,155.0,923.4724299325775,9234.724299325775,767,7414.896015977813
C0473,3.0,251.0,157.2845010558028,471.85350316740835,609,4216.245189549215
C0474,3.0,2.0,904.9406274256248,2714.8218822768745,612,8735.613289840843
C0475,5.0,291.0,997.0244507447544,4985.122253723772,651,6028.539784231754
C0476,1.0,669.0,228.0789124652666,228.0789124652666,1,2822.8325843440743
C0477,9.0,119.0,724.6245028119118,6521.620525307207,738,7549.395801993085
C0478,4.0,349.0,296.07805403744214,1184.3122161497686,553,5206.044207276496
C0479,6.0,5.0,995.7502950982066,5974.50177058924,907,9368.458623819293
C0480,6.0,76.0,508.245402403594,3049.4724144215643,859,6800.212943588299
C0481,2.0,303.0,184.04241900056957,368.08483800113913,633,4479.323036563426
C0482,6.0,6.0,353.8293656625433,2122.97619397526,575,8047.418392193431
C0483,3.0,256.0,36.08897865386674,108.26693596160021,432,2951.2167459970187
C0484,4.0,247.0,282.2189619141775,1128.87584765671,428,4314.195539629441
C0485,3.0,410.0,591.7341633500956,1775.2024900502868,343,3530.1459977735176
C0486,1.0,196.0,91.76583244660344,91.76583244660344,1,3113.025802434576
C0487,3.0,368.0,30.72812549835486,92.18437649506458,367,1484.0114613601606
C0488,4.0,650.0,385.1218270903489,1540.4873083613957,264,4854.99425798046
C0489,5.0,70.0,480.1593577391028,2400.796788695514,783,6623.296605080682
C0490,1.0,657.0,54.366246528167586,54.366246528167586,1,2430.131330428749
C0491,4.0,57.0,550.3983005442221,2201.5932021768886,725,7060.574745302173
C0492,4.0,162.0,178.80552128250753,715.2220851300301,539,5021.821738337294
C0493,6.0,20.0,444.7295267044301,2668.3771602265806,769,8018.098213206147
C0494,1.0,235.0,20.0,20.0,1,1342.7687328677248
C0495,5.0,2.0,850.1752157588392,4250.876078794196,682,9150.13616627201
C0496,1.0,618.0,337.1597286477138,337.1597286477138,1,4282.105054096713
C0497,6.0,184.0,665.1056550717158,3990.6339304302946,759,6163.363986165783
C0498,3.0,67.0,457.51087034742153,1372.5326110422645,813,6468.166129912265
C0499,10.0,55.0,667.3963227266356,6673.963227266356,562,7149.115514937497
C0500,1.0,629.0,124.17138256724897,124.17138256724897,1,2699.3571023125774
C0501,6.0,97.0,812.164178267776,4872.985069606656,791,7435.082917636706
C0502,2.0,406.0,68.6402136023354,137.2804272046708,320,3549.9900420693657
C0503,3.0,274.0,129.04449703623496,387.1334911087049,213,3217.7793845936476
C0504,3.0,72.0,216.8160512070207,650.4481536210621,467,5109.242337570871
C0505,5.0,32.0,385.2921976334337,1926.4609881671686,492,7406.468643418773
C0506,3.0,292.0,1105.1809359914744,3315.5428079744233,458,6582.421498261366
C0507,4.0,158.0,844.5163713892739,3378.0654855570956,396,6818.637813551958
C0508,3.0,59.0,593.880556528669,1781.641669586007,722,6203.980078220336
C0509,2.0,412.0,130.8354045419816,261.6708090839632,466,3139.697546425255
C0510,2.0,317.0,279.49140118818997,558.9828023763799,600,5084.3000099735455
C0511,13.0,27.0,1423.3998627620858,18504.198215907116,877,9434.369447275549
C0512,6.0,246.0,365.4302702409597,2192.581621445758,374,6042.83376196044
C0513,7.0,139.0,579.2869182540068,4055.008427778047,767,6812.933718367888
C0514,5.0,99.0,483.9562715756948,2419.781357878474,804,5980.617680647752
C0515,4.0,130.0,918.3928350812957,3673.571340325183,648,7410.795683921789
C0516,1.0,195.0,151.6097835383484,151.6097835383484,1,3795.9637621507386
C0517,4.0,78.0,220.1725026260754,880.6900105043017,694,6775.815616364888
C0518,3.0,163.0,354.86790035256604,1064.6037010576981,616,4965.489363053735
C0519,5.0,31.0,299.4075661357719,1497.0378306788596,791,7137.16714891798
C0520,2.0,97.0,182.1903448652613,364.3806897305226,617,4043.5547818581244
C0521,1.0,600.0,200.58067388150903,200.58067388150903,1,3250.802639360137
C0522,2.0,172.0,313.0808686433816,626.1617372867632,197,5455.028440399279
C0523,8.0,26.0,319.5520850882636,2556.4166807061088,852,6290.198706807416
C0524,1.0,188.0,191.9216193726444,191.9216193726444,1,3732.7370225969057
C0525,4.0,33.0,654.533001576671,2618.132006306684,823,7106.507503737663
C0526,8.0,8.0,817.5429175450142,6540.343340360114,806,8727.049414291754
C0527,1.0,272.0,81.17211453404491,81.17211453404491,1,2823.6821959553918
C0528,2.0,258.0,550.8299942806439,1101.6599885612877,464,5923.99732241519
C0529,2.0,780.0,289.72596444745665,579.4519288949133,138,3882.146961311233
C0530,3.0,762.0,693.2929233809509,2079.8787701428528,161,5393.778987186938
C0531,2.0,107.0,362.39580282446167,724.7916056489233,214,5481.574748667033
C0532,4.0,139.0,396.59946907579916,1586.3978763031967,551,5943.378826313813
C0533,3.0,257.0,694.433144938335,2083.299434815005,159,5416.861551344784
C0534,2.0,183.0,55.88023003727389,111.76046007454778,221,3523.0248606864916
C0535,2.0,117.0,477.6653778998435,955.330755799687,547,5833.0667732209195
C0536,2.0,176.0,436.41628039796376,872.8325607959275,509,5529.6424835360185
C0537,5.0,76.0,725.4747088857323,3627.3735444286617,845,6793.133403652397
C0538,2.0,500.0,226.82755965133646,453.6551193026729,92,3713.5477679536602
C0539,8.0,49.0,697.4956740224652,5579.965392179722,736,7750.8517916561295
C0540,1.0,647.0,172.82955463608891,172.82955463608891,1,2189.019160578616
C0541,4.0,213.0,607.889822366607,2431.559289466428,368,5325.156493168518
C0542,4.0,32.0,250.984123764654,1003.936495058616,821,6010.450745060718
C0543,2.0,22.0,263.8847434963112,527.7694869926224,760,6277.063110499966
C0544,9.0,84.0,1347.0341091970788,12123.306982773709,510,8045.899321624006
C0545,2.0,57.0,374.42933607220255,748.8586721444051,131,5335.699746903593
C0546,2.0,481.0,347.4935486954296,694.9870973908592,313,4046.727790772838
C0547,2.0,276.0,515.8401586254683,1031.6803172509367,511,5019.508171591137
C0548,4.0,109.0,258.04173514759935,1032.1669405903974,231,5423.1517640978
C0549,3.0,56.0,111.07526574781325,333.22579724343973,388,5882.779735445473
C0550,5.0,8.0,479.36844851772884,2396.8422425886442,746,8573.403966902093
C0551,2.0,275.0,223.32764333102205,446.6552866620441,516,4805.442458058995
C0552,1.0,857.0,78.5179355346564,78.5179355346564,1,2471.6362924557898
C0553,14.0,66.0,1141.4494361746724,15980.292106445413,867,8239.141205882057
C0554,1.0,307.0,156.36105728972385,156.36105728972385,1,2689.5647660270142
C0555,3.0,143.0,155.81965558420265,467.4589667526079,715,4060.5563533877685
C0556,11.0,109.0,897.4300804943779,9871.730885438157,759,8600.66908208863
C0557,1.0,33.0,82.10236799038434,82.10236799038434,1,3654.8924817088346
C0558,3.0,333.0,283.28765483620066,849.862964508602,258,4151.619721693829
C0559,10.0,54.0,1237.1089255801246,12371.089255801246,872,8424.743506129174
C0560,3.0,30.0,308.48537525517025,925.4561257655107,443,6221.171073020077
C0561,2.0,313.0,178.64145820554745,357.2829164110949,364,4093.080208921393
C0562,1.0,107.0,40.6937006852768,40.6937006852768,1,2551.4166122849824
C0563,6.0,54.0,467.708538624294,2806.251231745764,572,6649.416082503418
C0564,10.0,153.0,1249.2310684370282,12492.31068437028,723,8359.330478835951
C0565,1.0,460.0,224.14457925808773,224.14457925808773,1,3142.665773526076
C0566,4.0,618.0,231.04431203389598,924.1772481355839,298,4330.43933219534
C0567,1.0,160.0,202.7453248740709,202.7453248740709,1,4339.975087021738
C0568,1.0,926.0,147.58703991417264,147.58703991417264,1,2234.692594521452
C0569,7.0,132.0,546.7080727057581,3826.956508940307,808,6551.273878497598
C0570,2.0,125.0,333.36465322019694,666.7293064403939,347,5529.798628785625
C0571,1.0,508.0,77.66526410729222,77.66526410729222,1,1768.113561692573
C0572,5.0,244.0,945.6074615198365,4728.037307599183,360,6593.485679854048
C0573,4.0,184.0,222.22920385862747,888.9168154345099,737,5386.781696326587
C0574,3.0,335.0,149.21990373851483,447.65971121554446,368,5069.242470363019
C0575,1.0,256.0,56.87179158020717,56.87179158020717,1,2569.5360113888632
C0576,9.0,246.0,1260.957632807037,11348.618695263332,478,7875.4171961760385
C0577,3.0,181.0,388.59381913831265,1165.781457414938,738,5778.226310152077
C0578,2.0,178.0,312.9698234785525,625.939646957105,43,4408.751092042219
C0579,2.0,863.0,223.2171331460089,446.4342662920178,38,3646.601548255483
C0580,6.0,163.0,498.6554085770976,2991.9324514625855,667,6448.196654578162
C0581,4.0,132.0,371.12389641255845,1484.4955856502338,466,6059.009727042923
C0582,3.0,272.0,387.6545896664732,1162.9637689994197,329,5318.289293071073
C0583,8.0,18.0,686.8168330414504,5494.534664331603,691,8607.7639738909
C0584,5.0,25.0,513.0501170965729,2565.250585482864,913,7313.84243506149
C0585,4.0,370.0,1117.5476431565646,4470.1905726262585,298,6555.877057373416
C0586,6.0,238.0,324.94093433106576,1949.6456059863947,558,5127.325920244603
C0587,1.0,384.0,87.2330327989547,87.2330327989547,1,2340.637650773423
C0588,4.0,182.0,311.9441409270823,1247.7765637083291,598,6198.326908540646
C0589,8.0,62.0,861.6422704545561,6893.138163636449,652,8097.6309746401585
C0590,3.0,290.0,968.85553274036,2906.56659822108,544,6257.872512594664
C0591,5.0,62.0,872.3239006865504,4361.619503432752,630,8479.10326098829
C0592,2.0,423.0,223.29587762533257,446.59175525066513,335,3347.7337545114037
C0593,3.0,359.0,186.04417131832528,558.1325139549758,264,3696.3860235231746
C0594,1.0,612.0,725.2594701467833,725.2594701467833,1,5484.092614080035
C0595,3.0,37.0,304.94796960220356,914.8439088066107,807,6224.732156671379
C0596,7.0,30.0,333.4425951791977,2334.098166254384,807,7047.370976591912
C0597,8.0,184.0,791.4230822187393,6331.384657749914,748,6577.100751884376
C0598,6.0,23.0,508.73234137956325,3052.3940482773796,618,7894.866955015434
C0599,5.0,81.0,548.5840750278433,2742.920375139216,812,7110.1134975931445
C0600,3.0,432.0,371.5454216088745,1114.6362648266236,420,4379.844436723528
C0601,1.0,53.0,545.1020202553636,545.1020202553636,1,5729.149544848462
C0602,3.0,66.0,218.92507747926507,656.7752324377952,872,5305.862862118086
C0603,2.0,636.0,185.01178981239028,370.02357962478055,93,3690.616685434124
C0604,3.0,100.0,224.62073482468077,673.8622044740423,676,4690.225475687974
C0605,2.0,263.0,304.3501366840693,608.7002733681386,669,5299.8188043295395
C0606,2.0,182.0,382.20150070199225,764.4030014039845,157,5617.950561461539
C0607,6.0,144.0,415.2664762054342,2491.598857232605,551,6148.170656406117
C0608,5.0,72.0,882.969185226144,4414.84592613072,562,7345.8660994395195
C0609,11.0,299.0,435.2592800140729,4787.852080154802,606,6418.767564638362
C0610,3.0,594.0,214.0587202805806,642.1761608417418,329,3712.16015632123
C0611,2.0,652.0,235.2351300124448,470.4702600248896,30,3599.5868572219706
C0612,3.0,210.0,62.414198740073154,187.24259622021947,610,3203.638677263669
C0613,2.0,212.0,375.2832120890404,750.5664241780808,201,5851.989343616829
C0614,2.0,70.0,61.245825634182296,122.49165126836459,658,4132.874128835522
C0615,10.0,80.0,898.8971497205755,8988.971497205755,814,8503.357631497058
C0616,3.0,267.0,266.93971874585975,800.8191562375793,652,5030.129454281221
C0617,6.0,123.0,522.9509075667537,3137.7054454005224,558,6131.224946013097
C0618,4.0,239.0,310.66893533446387,1242.6757413378555,565,5310.281754722048
C0619,4.0,119.0,255.7915014787956,1023.1660059151824,474,6021.668566577506
C0620,2.0,317.0,156.55568092512718,313.11136185025435,5,3171.5338355757754
C0621,2.0,282.0,235.269462216119,470.538924432238,298,4655.332558313365
C0622,3.0,22.0,219.4222813371504,658.2668440114512,299,7296.820513577371
C0623,14.0,64.0,1005.2050027645219,14072.870038703306,841,9142.673730427887
C0624,4.0,215.0,336.00983483610617,1344.0393393444247,537,6192.6102847300335
C0625,4.0,100.0,175.29522754832718,701.1809101933087,756,5320.586895256426
C0626,5.0,94.0,741.8581432276342,3709.290716138171,329,7576.366483574524
C0627,3.0,326.0,442.62801397849853,1327.8840419354956,485,4941.408987283842
C0628,1.0,932.0,145.8315014876952,145.8315014876952,1,2935.946153112375
C0629,6.0,216.0,635.1795342988506,3811.077205793104,614,6894.387060343116
C0630,4.0,23.0,1203.1833039749893,4812.733215899957,853,8444.469970315364
C0631,1.0,596.0,84.19705552042886,84.19705552042886,1,2847.9950636212448
C0632,6.0,98.0,476.0515461471861,2856.3092768831166,820,6451.882276226861
C0633,5.0,111.0,593.3045470484124,2966.522735242062,654,6641.736278343055
C0634,2.0,291.0,108.99888042935672,217.99776085871343,447,3488.9146017010344
C0635,1.0,204.0,88.32317147660467,88.32317147660467,1,2388.4725227740346
C0636,6.0,104.0,522.1714578979322,3133.0287473875933,784,6904.20810918747
C0637,1.0,10.0,136.49548963301018,136.49548963301018,1,4341.494281164662
C0638,9.0,77.0,1347.6553277766675,12128.897949990007,797,8949.468212210233
C0639,2.0,222.0,125.10398635433552,250.20797270867104,60,3787.4666647766812
C0640,2.0,90.0,190.6818413508687,381.3636827017374,505,4536.520824802432
C0641,1.0,298.0,140.34706039350246,140.34706039350246,1,2778.9412729875517
C0642,3.0,463.0,566.3434936936814,1699.030481081044,206,5249.104582650769
C0643,6.0,67.0,359.84004270615486,2159.040256236929,698,6977.0493784065075
C0644,5.0,361.0,316.2817841390476,1581.408920695238,452,5566.4951458384885
C0645,5.0,77.0,420.12421649805964,2100.6210824902982,693,6210.870930527431
C0646,4.0,34.0,622.202676855355,2488.81070742142,793,6889.271963140316
C0647,1.0,863.0,236.6361768861158,236.6361768861158,1,3465.1944144691383
C0648,2.0,317.0,197.58430960719957,395.16861921439914,126,3704.8167636180006
C0649,2.0,356.0,457.49360028783065,914.9872005756613,531,4983.450079549241
C0650,1.0,358.0,79.25498442079808,79.25498442079808,1,2497.0526751810544
C0651,3.0,570.0,820.4776372443554,2461.4329117330662,155,5818.507602627695
C0652,7.0,83.0,756.3188154492692,5294.231708144885,807,7919.726474299539
C0653,3.0,206.0,199.0670650862667,597.2011952588001,568,4038.051663586474
C0654,4.0,218.0,353.51774919160215,1414.0709967664086,465,4579.558279693637
C0655,4.0,15.0,411.9757277434039,1647.9029109736157,885,7039.752964152198
C0656,3.0,158.0,127.01824408851047,381.0547322655314,672,5220.845158588205
C0657,3.0,11.0,252.29840237711207,756.8952071313362,508,7707.158490279151
C0658,3.0,724.0,365.84073414159957,1097.5222024247987,192,5507.161402108298
C0659,11.0,16.0,1313.8023936298773,14451.82632992865,885,9424.56685252623
C0660,2.0,254.0,240.31173727345728,480.62347454691457,281,3534.4435213662723
C0661,2.0,317.0,471.6739305215474,943.3478610430948,486,3888.206788454254
C0662,3.0,247.0,177.97254510287857,533.9176353086357,520,4123.311928880723
C0663,2.0,120.0,332.47416089351196,664.9483217870239,61,5156.840494101172
C0664,5.0,45.0,293.19634637774226,1465.9817318887112,718,7128.462100331872
C0665,5.0,58.0,499.41073657198956,2497.053682859948,753,7367.367786590249
C0666,5.0,176.0,2085.092736183737,10425.463680918685,664,8005.141362362734
C0667,4.0,298.0,465.897551001684,1863.590204006736,590,5213.764408168995
C0668,4.0,51.0,456.51307797726196,1826.0523119090478,804,6233.649538401754
C0669,4.0,842.0,526.6226766982682,2106.4907067930726,71,5286.697784740193
C0670,6.0,68.0,566.9281698149637,3401.569018889782,830,7492.222882228345
C0671,1.0,657.0,103.05013722067415,103.05013722067415,1,2554.8693387043286
C0672,4.0,137.0,398.31607782133335,1593.2643112853334,774,5438.987880115342
C0673,8.0,183.0,529.8665248962858,4238.932199170286,684,7046.396947738074
C0674,2.0,525.0,407.5188683345169,815.0377366690338,66,4795.241841554978
C0675,5.0,355.0,393.0362574186677,1965.1812870933384,556,5015.921844601551
C0676,2.0,26.0,17.272560346875196,34.54512069375039,717,2451.2887678069214
C0677,1.0,405.0,1024.0358685612748,1024.0358685612748,1,5620.647387011426
C0678,10.0,50.0,1026.9001988470368,10269.001988470369,881,8356.402532007613
C0679,7.0,15.0,981.4559731531368,6870.191812071957,908,9605.859646309784
C0680,3.0,192.0,288.8911819084335,866.6735457253005,646,5388.429673451043
C0681,3.0,526.0,464.4572485091201,1393.3717455273604,91,4817.775024246491
C0682,3.0,88.0,225.92670332056642,677.7801099616993,236,5329.3595416380695
C0683,3.0,367.0,572.8438731468578,1718.5316194405736,564,5554.07523153613
C0684,5.0,62.0,274.48538935779817,1372.4269467889908,759,5844.691789056306
C0685,4.0,270.0,414.13127709696187,1656.5251083878475,652,5128.3588963121965
C0686,9.0,89.0,1175.7496123042702,10581.74651073843,800,8532.254694766942
C0687,5.0,17.0,359.7989932314198,1798.994966157099,900,7713.279513579773
C0688,3.0,350.0,43.92581620378211,131.77744861134633,516,2930.1958716018316
C0689,1.0,488.0,97.43793325756825,97.43793325756825,1,3236.1350040866246
C0690,3.0,265.0,145.5795671821295,436.7387015463885,545,3887.222751995729
C0691,6.0,158.0,1763.9254701972266,10583.552821183359,648,8764.990116793515
C0692,2.0,474.0,209.66977710585684,419.3395542117137,394,3435.81542522712
C0693,5.0,91.0,605.8356016531459,3029.178008265729,679,6374.128493228773
C0694,3.0,286.0,330.0185391658855,990.0556174976565,552,4165.265266584757
C0695,1.0,648.0,518.2374182893234,518.2374182893234,1,3985.388254367779
C0696,6.0,135.0,370.1469559176822,2220.8817355060933,794,5985.919400420815
C0697,2.0,536.0,157.44084929486644,314.8816985897329,72,3746.974093466731
C0698,6.0,294.0,326.0084151154351,1956.0504906926108,431,5737.124668289316
C0699,4.0,124.0,415.73222215661673,1662.928888626467,377,5469.733161493254
C0700,5.0,325.0,670.1045043073851,3350.5225215369255,456,6019.334309943949
C0701,4.0,151.0,400.0334211306804,1600.1336845227215,692,5715.890364274944
C0702,9.0,60.0,891.584915951998,8024.264243567983,736,7216.778184479954
C0703,1.0,704.0,77.83966602645157,77.83966602645157,1,1508.1738766868493
C0704,3.0,324.0,294.341806275718,883.025418827154,585,4452.458584375177
C0705,2.0,395.0,250.82819178011056,501.6563835602211,322,4919.789609388945
C0706,2.0,260.0,299.8359785499208,599.6719570998416,59,4759.550715254743
C0707,2.0,6.0,392.37269666064105,784.7453933212821,516,7533.575500668567
C0708,3.0,8.0,145.03294735806912,435.09884207420737,400,5492.601915646448
C0709,3.0,12.0,1220.7165600215087,3662.149680064526,822,9046.619567229263
C0710,7.0,98.0,804.6247665119965,5632.373365583976,591,8110.667907211476
C0711,2.0,217.0,235.84876223779418,471.69752447558835,159,3501.6023877822367
C0712,3.0,370.0,737.6486554891045,2212.9459664673136,566,5453.950997414388
C0713,3.0,342.0,251.67222111497642,755.0166633449293,573,4873.645641999178
C0714,4.0,58.0,675.7044753499939,2702.8179013999757,741,7406.8476866709125
C0715,2.0,30.0,47.54899204848494,95.09798409696988,576,3545.7137016525694
C0716,3.0,255.0,480.1006620796947,1440.301986239084,649,5391.442131085757
C0717,10.0,47.0,1532.2199083660776,15322.199083660777,846,8670.379053219463
C0718,4.0,105.0,664.7495358764838,2658.9981435059353,808,6759.875865063746
C0719,6.0,160.0,663.7119845005208,3982.271907003125,707,7400.111070478217
C0720,4.0,127.0,361.9852161646502,1447.9408646586007,560,5507.828136318604
C0721,1.0,155.0,22.8370067037133,22.8370067037133,1,2059.316173422881
C0722,1.0,359.0,63.85965349919863,63.85965349919863,1,1798.719891498102
C0723,6.0,347.0,547.1298371003965,3282.7790226023785,581,5681.450324370251
C0724,4.0,287.0,421.0450719429658,1684.1802877718633,316,5975.361528023433
C0725,2.0,330.0,154.51702028905888,309.03404057811775,398,4221.994673261342
C0726,2.0,74.0,277.95179042192024,555.9035808438405,802,5771.946376016873
C0727,6.0,22.0,426.74332211444533,2560.459932686672,734,6838.4039049395
C0728,5.0,81.0,247.73967255260877,1238.6983627630439,851,5696.283131247558
C0729,4.0,52.0,454.9173757072077,1819.669502828831,812,7109.7841698892225
C0730,5.0,439.0,278.16740797215886,1390.8370398607942,497,5046.361383227463
C0731,5.0,325.0,652.1018309958215,3260.5091549791073,550,5647.6969793107855
C0732,7.0,157.0,708.8747304665059,4962.123113265541,619,7256.051405207775
C0733,5.0,191.0,742.7680687791628,3713.840343895814,540,6302.5229868221495
C0734,4.0,231.0,202.99128751496292,811.9651500598517,636,5763.232285170224
C0735,2.0,92.0,215.88546344302506,431.7709268860501,331,5697.583210204366
C0736,2.0,340.0,54.69550032203727,109.39100064407454,133,2866.232438258093
C0737,2.0,756.0,145.29369155915916,290.5873831183183,31,3861.316251492466
C0738,2.0,217.0,579.356774757742,1158.713549515484,216,5560.057051101319
C0739,7.0,162.0,889.768985294004,6228.382897058028,547,7650.460051702925
C0740,1.0,521.0,164.88910783264114,164.88910783264114,1,3774.728826734582
C0741,4.0,402.0,580.7936749474821,2323.1746997899286,308,5849.461261388618
C0742,1.0,478.0,146.35516455763084,146.35516455763084,1,2825.6115202468886
C0743,5.0,6.0,227.895955738802,1139.47977869401,651,6499.037880710033
C0744,8.0,105.0,841.7183438883219,6733.746751106575,832,7549.0513899135885
C0745,3.0,167.0,74.14405575889303,222.4321672766791,531,4086.102218326279
C0746,5.0,603.0,338.14251783657045,1690.7125891828523,285,5526.1433269122235
C0747,3.0,59.0,183.44836166671178,550.3450850001353,209,5592.1330002033565
C0748,6.0,362.0,527.0975578025221,3162.585346815133,530,5765.930293029521
C0749,1.0,606.0,154.59236097463605,154.59236097463605,1,1881.0482649437133
C0750,4.0,187.0,864.3245211791693,3457.2980847166773,735,6404.095945402452
C0751,3.0,254.0,84.49930224054502,253.49790672163505,623,3413.2178026815277
C0752,12.0,70.0,975.6997385647501,11708.396862777001,869,8223.23540581647
C0753,9.0,20.0,1046.2280805118955,9416.05272460706,839,9254.64019877388
C0754,1.0,30.0,606.2113302888177,606.2113302888177,1,7255.827023549265
C0755,3.0,232.0,764.9482748952446,2294.844824685734,409,6196.785880982876
C0756,2.0,258.0,95.61050096890216,191.22100193780432,401,3257.8646791550914
C0757,3.0,417.0,399.5417447296779,1198.6252341890336,415,4902.254873580385
C0758,2.0,567.0,194.23300298916158,388.46600597832315,35,3750.9808237716943
C0759,2.0,282.0,533.2619475699539,1066.5238951399078,214,4857.798002827028
C0760,5.0,228.0,387.68332844038787,1938.4166422019393,679,5867.743320635013
C0761,2.0,540.0,294.26663624421906,588.5332724884381,22,4418.353254945817
C0762,1.0,425.0,46.214530282012824,46.214530282012824,1,1826.9749196731277
C0763,4.0,180.0,717.5690280918249,2870.2761123672994,621,6690.9709852809065
C0764,3.0,29.0,291.9915631734951,875.9746895204853,866,6514.795348956266
C0765,1.0,178.0,28.142038690402494,28.142038690402494,1,818.2672546916843
C0766,2.0,73.0,165.09605428862488,330.19210857724977,4,5078.670908837524
C0767,7.0,116.0,716.0769436411964,5012.538605488375,776,6888.200941136719
C0768,4.0,439.0,372.0089329857054,1488.0357319428217,494,4615.261522390981
C0769,2.0,18.0,780.6163168454076,1561.2326336908152,304,6821.103471371806
C0770,5.0,1.0,530.0437173431443,2650.2185867157214,895,9305.253790020488
C0771,8.0,30.0,827.4309550053584,6619.4476400428675,892,8217.865061007635
C0772,4.0,78.0,190.0604818687143,760.2419274748572,789,4614.176000628767
C0773,1.0,374.0,208.52944395796814,208.52944395796814,1,3746.2856129478905
C0774,4.0,112.0,461.59119880456603,1846.3647952182641,401,5528.285748799221
C0775,4.0,185.0,210.245167816532,840.980671266128,681,5112.222154669928
C0776,1.0,5.0,87.31231852151095,87.31231852151095,1,5186.989279704976
C0777,3.0,299.0,552.4248782252215,1657.2746346756644,551,6049.640720440874
C0778,3.0,141.0,233.84005108431492,701.5201532529447,789,5976.515981209273
C0779,2.0,723.0,142.33703587594914,284.6740717518983,65,2502.5465270140594
C0780,2.0,412.0,213.7804883256382,427.5609766512764,255,3968.4364605574838
C0781,3.0,20.0,579.8895622435192,1739.6686867305575,815,7163.971003011241
C0782,4.0,224.0,347.11398906451257,1388.4559562580503,690,5714.453910637955
C0783,2.0,522.0,337.6313282920948,675.2626565841896,399,4478.6705184506245
C0784,1.0,933.0,23.784497713061057,23.784497713061057,1,323.72687863169006
C0785,1.0,663.0,46.3450718593638,46.3450718593638,1,1231.1533268561582
C0786,5.0,48.0,515.4407297816716,2577.203648908358,792,6525.890392640112
C0787,3.0,14.0,421.69747566296746,1265.0924269889024,389,7639.303374625554
C0788,3.0,105.0,625.3281822082423,1875.984546624727,548,6619.743435262674
C0789,2.0,73.0,136.81495172884058,273.62990345768117,729,5005.0938967747925
C0790,2.0,555.0,909.0555771983992,1818.1111543967984,241,5310.435318668602
C0791,1.0,729.0,220.02733455145568,220.02733455145568,1,2829.2744200970233
C0792,2.0,242.0,417.08962881447565,834.1792576289513,27,4545.851656027927
C0793,7.0,96.0,415.38061809946197,2907.6643266962337,817,6895.881483359253
C0794,6.0,8.0,420.9508169304961,2525.7049015829766,885,7539.350829227802
C0795,2.0,412.0,82.20557732921907,164.41115465843814,115,3831.399330943626
C0796,1.0,243.0,480.29753858518797,480.29753858518797,1,4070.80628527841
C0797,3.0,490.0,210.47198714981323,631.4159614494397,436,4337.327353610254
C0798,6.0,229.0,1007.439339142144,6044.636034852864,560,7842.516518181586
C0799,2.0,159.0,291.3603510979623,582.7207021959246,299,5232.370545581228
C0800,5.0,11.0,224.3908800081656,1121.954400040828,677,7089.125388611412
